Cutting_Speed_m_min,Feed_Rate_mm_rev,Depth_of_Cut_mm,Spindle_Load_pct,Tool_Vibration_mm_s,Tool_Condition
80.0,0.101,0.6,40.81,0.28,Healthy
143.01,0.223,2.11,49.49,3.44,Worn
135.94,0.171,1.93,47.56,3.04,Worn
164.55,0.248,1.94,74.18,4.7,Worn
137.56,0.206,1.4,56.38,2.81,Worn
207.51,0.311,3.65,76.12,7.07,Failed
209.28,0.255,2.72,63.53,5.54,Failed
234.75,0.357,3.18,77.46,6.07,Failed
80.0,0.128,1.14,44.4,1.62,Healthy
109.54,0.107,1.02,25.73,1.88,Healthy
232.99,0.343,3.34,84.56,7.95,Failed
97.34,0.082,0.67,23.04,0.7,Healthy
114.24,0.092,1.78,48.82,1.36,Worn
227.52,0.337,3.49,83.41,5.77,Failed
152.18,0.237,2.07,61.73,4.81,Worn
185.86,0.336,3.1,79.27,6.14,Failed
80.0,0.05,0.53,20.0,0.79,Healthy
221.69,0.334,3.3,83.39,7.24,Failed
80.0,0.078,0.85,26.99,0.69,Healthy
203.84,0.38,3.15,83.3,6.85,Failed
206.21,0.356,3.41,78.11,6.1,Failed
127.17,0.156,1.43,40.77,3.54,Worn
188.7,0.207,3.05,67.4,5.23,Failed
176.67,0.213,2.21,59.25,4.54,Worn
173.64,0.273,3.64,84.12,6.2,Failed
168.35,0.246,2.28,61.96,4.89,Failed
103.05,0.114,0.81,37.03,2.54,Healthy
189.79,0.318,3.37,65.53,6.07,Failed
166.35,0.249,2.08,60.82,3.7,Worn
171.64,0.258,2.77,61.04,5.01,Worn
99.57,0.05,0.5,20.0,1.0,Healthy
154.01,0.186,2.46,58.14,4.49,Worn
191.54,0.351,4.0,87.19,7.11,Failed
137.02,0.192,1.62,57.82,2.93,Worn
160.01,0.194,2.0,50.29,3.54,Worn
110.86,0.146,1.22,25.72,2.29,Healthy
112.13,0.18,1.65,38.75,2.64,Healthy
103.14,0.095,1.03,26.7,1.39,Healthy
86.92,0.087,0.78,29.61,1.49,Healthy
92.2,0.091,0.9,24.76,1.31,Healthy
86.69,0.069,0.93,20.0,0.2,Healthy
231.25,0.317,3.41,85.15,5.84,Failed
140.71,0.212,1.59,62.32,3.21,Worn
107.18,0.088,0.86,28.9,1.42,Healthy
110.73,0.131,1.02,41.7,2.27,Healthy
98.8,0.131,1.18,20.0,1.41,Healthy
158.45,0.203,2.38,64.16,4.47,Worn
188.19,0.312,2.75,81.31,6.44,Failed
208.15,0.323,3.5,82.16,6.28,Failed
85.21,0.05,0.85,34.23,1.12,Healthy
196.44,0.303,2.57,59.13,5.16,Failed
112.12,0.102,1.45,45.99,1.7,Healthy
85.71,0.117,0.9,33.56,0.9,Healthy
147.33,0.232,2.76,55.43,3.74,Worn
214.4,0.363,3.74,78.1,7.13,Failed
132.62,0.176,2.08,58.49,3.78,Worn
213.21,0.353,3.28,76.23,7.05,Failed
100.9,0.105,0.75,25.84,1.06,Healthy
119.11,0.149,1.22,49.12,3.25,Worn
214.01,0.331,3.3,96.99,6.3,Failed
180.64,0.248,2.98,73.0,5.32,Failed
176.34,0.293,2.73,56.94,2.87,Worn
177.11,0.258,2.44,58.73,4.35,Worn
138.54,0.2,2.12,47.77,3.38,Worn
177.28,0.268,2.04,75.72,4.28,Failed
196.52,0.31,3.6,79.7,5.58,Failed
204.72,0.309,2.26,69.27,6.18,Failed
116.93,0.188,1.85,55.1,3.4,Worn
126.82,0.137,1.23,45.08,2.25,Healthy
126.77,0.175,1.89,58.17,3.63,Worn
196.75,0.209,2.15,59.03,3.79,Worn
174.01,0.288,2.27,70.34,4.61,Failed
118.75,0.122,1.03,31.0,2.06,Healthy
189.86,0.28,2.72,79.12,4.44,Failed
80.55,0.065,0.5,34.98,0.72,Healthy
117.22,0.141,1.51,41.8,3.27,Worn
155.42,0.231,2.71,69.87,4.86,Worn
190.15,0.342,2.52,76.17,5.31,Failed
154.35,0.247,1.71,58.65,4.58,Worn
207.03,0.342,3.24,85.15,7.44,Failed
115.04,0.095,0.5,30.63,1.69,Healthy
146.53,0.215,1.87,58.32,3.85,Worn
106.76,0.118,1.1,29.45,1.81,Healthy
166.29,0.284,2.13,68.8,4.33,Failed
116.42,0.124,0.8,33.07,1.33,Healthy
107.24,0.136,1.5,38.65,2.82,Worn
99.33,0.115,0.7,20.0,0.93,Healthy
181.83,0.31,2.08,72.83,5.04,Failed
106.25,0.105,1.16,30.55,1.76,Healthy
146.03,0.2,1.73,53.39,3.39,Worn
183.92,0.325,2.6,67.14,6.07,Failed
84.6,0.064,0.63,30.25,1.77,Healthy
80.0,0.1,0.72,25.03,0.33,Healthy
172.41,0.208,1.98,64.42,3.95,Worn
96.25,0.132,0.86,24.6,1.22,Healthy
199.38,0.255,3.21,79.87,6.38,Failed
133.48,0.18,2.36,51.46,2.77,Worn
136.04,0.164,2.07,60.91,3.32,Worn
104.42,0.05,1.15,28.41,0.95,Healthy
125.43,0.113,1.45,37.43,2.54,Healthy
97.18,0.054,0.55,26.62,0.48,Healthy
142.41,0.238,2.08,58.17,3.41,Worn
173.35,0.167,2.43,62.83,4.79,Worn
186.28,0.257,2.49,76.68,5.7,Failed
135.74,0.202,1.05,54.48,2.8,Worn
102.72,0.14,1.49,31.37,2.34,Healthy
224.63,0.34,3.84,81.93,6.75,Failed
131.67,0.164,1.5,41.67,2.78,Worn
180.95,0.262,2.91,72.64,5.71,Failed
98.09,0.05,1.05,21.26,0.43,Healthy
168.63,0.284,2.33,68.0,4.16,Worn
105.46,0.079,1.16,29.58,1.47,Healthy
106.57,0.084,0.73,20.0,0.8,Healthy
121.64,0.134,1.74,36.19,2.26,Healthy
92.4,0.119,0.82,27.13,1.19,Healthy
164.79,0.162,1.65,63.84,3.79,Worn
111.03,0.05,1.04,20.0,0.74,Healthy
157.46,0.238,1.89,65.17,4.17,Worn
152.06,0.249,2.72,55.95,4.61,Worn
208.65,0.295,3.15,84.24,5.61,Failed
85.44,0.054,0.53,27.16,0.2,Healthy
194.32,0.314,2.87,77.52,6.35,Failed
112.94,0.1,0.87,24.92,1.21,Healthy
105.28,0.095,1.28,25.65,0.69,Healthy
216.58,0.314,2.8,84.17,6.88,Failed
187.44,0.237,2.78,65.24,5.93,Failed
104.6,0.092,0.5,23.83,0.2,Healthy
91.06,0.112,0.67,35.45,1.55,Healthy
137.32,0.128,1.6,48.57,2.04,Worn
114.6,0.05,0.98,38.11,2.81,Healthy
94.89,0.065,0.7,32.76,0.2,Healthy
102.2,0.057,1.32,27.05,0.8,Healthy
127.03,0.106,1.34,32.51,1.97,Healthy
189.34,0.315,2.65,64.98,4.6,Failed
121.13,0.175,1.04,30.9,2.15,Healthy
80.0,0.058,0.79,20.59,0.2,Healthy
133.8,0.206,1.52,48.85,3.54,Worn
91.21,0.058,0.87,25.78,1.27,Healthy
132.11,0.16,1.56,34.08,2.51,Worn
104.15,0.058,1.17,33.94,1.48,Healthy
96.4,0.05,0.78,20.0,1.16,Healthy
119.24,0.142,1.14,34.72,1.21,Healthy
80.0,0.089,0.83,20.0,0.85,Healthy
195.17,0.262,2.87,74.81,5.55,Failed
186.54,0.271,3.16,79.31,4.9,Failed
163.49,0.248,2.06,61.61,5.13,Worn
165.56,0.211,2.4,54.86,3.28,Worn
149.13,0.233,2.17,47.91,4.32,Worn
133.49,0.063,1.59,41.02,2.26,Healthy
146.67,0.157,1.65,42.79,4.01,Worn
152.17,0.126,1.32,38.57,2.15,Healthy
83.43,0.05,0.52,20.0,1.17,Healthy
141.64,0.171,1.9,48.3,2.75,Worn
158.51,0.166,1.8,45.18,4.01,Worn
188.91,0.234,2.12,61.84,5.31,Failed
166.97,0.179,1.73,48.22,3.39,Worn
150.0,0.249,2.23,64.92,4.44,Worn
92.64,0.105,1.35,31.81,1.58,Healthy
96.53,0.085,0.99,23.75,0.2,Healthy
182.65,0.203,2.05,54.92,4.3,Worn
119.45,0.107,1.21,41.27,1.01,Healthy
101.19,0.056,0.75,33.12,1.26,Healthy
218.15,0.354,3.01,90.64,6.45,Failed
191.22,0.327,2.57,68.31,5.91,Failed
103.3,0.099,0.5,26.07,0.54,Healthy
171.75,0.254,2.65,68.87,4.5,Worn
195.27,0.287,2.55,73.07,5.53,Failed
206.64,0.325,2.9,86.52,6.8,Failed
145.28,0.187,1.99,51.67,3.32,Worn
186.75,0.222,2.21,66.14,5.63,Worn
87.91,0.084,0.5,30.72,0.2,Healthy
94.69,0.115,1.28,22.34,0.85,Healthy
132.09,0.189,1.52,43.8,3.19,Worn
233.88,0.358,3.82,82.57,6.45,Failed
148.21,0.227,2.5,59.86,3.81,Worn
86.12,0.14,1.28,25.45,0.66,Healthy
114.62,0.154,1.83,41.99,2.41,Healthy
171.64,0.208,1.94,69.42,4.04,Worn
114.49,0.177,1.49,42.96,3.21,Worn
80.0,0.05,0.52,20.0,0.2,Healthy
80.0,0.056,0.85,20.0,0.69,Healthy
126.67,0.192,1.29,46.94,2.63,Worn
125.06,0.154,2.06,53.45,3.05,Worn
165.04,0.276,1.68,72.17,4.57,Worn
99.74,0.137,0.89,24.01,1.15,Healthy
110.38,0.05,0.56,21.29,0.2,Healthy
134.31,0.121,2.05,48.28,3.92,Worn
92.81,0.149,1.57,46.94,2.92,Healthy
90.69,0.05,0.54,24.62,0.5,Healthy
211.88,0.295,2.04,83.07,6.1,Failed
80.0,0.108,0.7,26.94,0.43,Healthy
115.98,0.124,0.87,40.69,2.2,Healthy
117.51,0.133,1.05,45.25,1.94,Healthy
141.11,0.15,1.87,44.65,2.95,Worn
124.97,0.168,1.43,38.82,2.51,Healthy
80.0,0.05,0.72,28.73,0.99,Healthy
154.32,0.183,1.95,62.16,4.39,Worn
172.08,0.226,1.89,56.97,4.07,Worn
167.61,0.25,2.51,61.41,4.53,Worn
186.36,0.263,2.58,75.2,5.26,Failed
160.81,0.19,1.82,56.77,3.39,Worn
175.53,0.176,1.58,58.28,2.81,Worn
109.1,0.159,1.6,39.2,1.54,Healthy
168.36,0.19,1.35,55.64,2.7,Worn
172.59,0.252,2.43,54.49,4.48,Worn
196.34,0.286,3.15,77.97,6.47,Failed
172.46,0.225,1.87,61.26,4.05,Worn
164.37,0.252,2.88,73.16,4.5,Failed
199.78,0.37,2.7,70.06,4.8,Failed
105.65,0.101,0.84,31.59,1.18,Healthy
151.69,0.251,2.07,65.3,4.45,Worn
157.11,0.204,1.59,62.43,4.05,Worn
178.87,0.205,2.39,70.47,5.04,Failed
91.29,0.075,0.71,25.69,1.97,Healthy
80.0,0.069,0.5,37.26,0.76,Healthy
135.48,0.177,2.06,45.03,2.89,Worn
150.68,0.19,2.47,60.61,3.84,Worn
114.71,0.188,1.19,45.53,3.02,Worn
98.73,0.081,0.82,24.16,0.88,Healthy
125.56,0.162,1.61,39.81,2.22,Healthy
195.33,0.285,2.66,67.07,5.55,Failed
188.76,0.297,2.67,70.47,6.92,Failed
87.26,0.123,1.3,46.11,1.18,Healthy
217.27,0.336,3.14,93.83,7.24,Failed
189.92,0.257,2.75,76.61,5.85,Failed
139.8,0.179,2.02,46.36,2.94,Worn
163.58,0.144,2.17,52.71,3.73,Worn
142.44,0.196,1.49,63.93,3.53,Worn
102.46,0.054,0.5,35.87,1.47,Healthy
155.2,0.168,1.8,46.95,2.89,Worn
160.09,0.221,2.3,63.4,4.82,Worn
91.61,0.062,0.5,24.74,0.85,Healthy
147.19,0.241,1.98,56.17,4.39,Worn
95.25,0.086,0.5,21.05,1.66,Healthy
147.36,0.183,2.19,63.65,3.91,Worn
163.93,0.259,2.34,66.59,4.84,Failed
173.0,0.223,2.38,61.85,4.26,Failed
125.2,0.136,0.92,48.96,2.97,Worn
157.07,0.242,2.24,51.32,4.64,Worn
131.72,0.119,1.3,43.73,3.25,Worn
111.97,0.14,1.58,28.67,2.36,Healthy
131.19,0.239,1.72,72.69,4.03,Worn
84.4,0.09,1.59,20.0,0.41,Healthy
213.84,0.349,3.41,86.53,7.83,Failed
102.45,0.062,0.8,29.78,1.86,Healthy
109.63,0.05,0.64,29.81,2.14,Healthy
195.4,0.339,3.02,69.3,6.85,Failed
115.74,0.143,1.54,30.98,2.13,Healthy
120.15,0.169,1.46,41.07,2.49,Healthy
148.02,0.225,2.28,65.07,4.38,Worn
116.66,0.153,1.69,40.67,1.17,Healthy
133.25,0.17,1.53,59.1,2.39,Worn
223.5,0.34,3.26,91.61,7.05,Failed
174.26,0.179,2.41,68.18,4.45,Worn
116.05,0.061,1.22,47.61,1.79,Healthy
88.85,0.116,0.7,33.15,1.31,Healthy
191.77,0.318,3.36,82.08,6.17,Failed
104.35,0.116,1.13,42.95,1.14,Healthy
176.89,0.316,2.32,62.5,4.44,Failed
103.26,0.121,0.62,30.68,0.49,Healthy
176.21,0.339,2.06,59.39,4.52,Failed
187.57,0.247,2.71,61.77,5.67,Failed
120.72,0.123,1.8,46.13,2.15,Worn
105.27,0.077,1.1,31.95,1.79,Healthy
187.11,0.273,2.83,75.71,5.72,Failed
87.2,0.067,0.98,33.03,0.96,Healthy
186.79,0.253,2.71,71.03,5.18,Failed
171.33,0.241,2.47,62.35,4.99,Failed
182.83,0.294,3.04,62.12,5.95,Failed
115.16,0.124,1.38,29.66,3.05,Healthy
100.13,0.115,0.92,28.52,0.83,Healthy
166.29,0.175,1.94,57.16,3.01,Worn
160.83,0.238,1.65,57.86,5.07,Worn
159.76,0.375,2.71,68.77,5.13,Failed
126.88,0.137,1.6,41.28,1.05,Worn
184.84,0.307,2.35,78.14,5.95,Failed
127.44,0.144,1.3,50.09,2.19,Healthy
192.5,0.32,3.13,74.35,6.19,Failed
118.35,0.145,1.44,47.99,3.19,Worn
132.12,0.239,1.96,41.09,2.79,Worn
93.79,0.067,0.51,26.49,0.72,Healthy
116.29,0.2,1.43,38.56,2.72,Healthy
93.09,0.083,1.28,27.38,2.22,Healthy
186.13,0.286,2.33,78.01,5.04,Failed
107.52,0.06,1.02,23.02,0.62,Healthy
103.96,0.081,1.13,21.0,0.43,Healthy
113.28,0.074,0.87,42.92,0.8,Healthy
97.85,0.116,0.91,29.12,1.37,Healthy
215.91,0.376,3.43,77.51,7.2,Failed
138.09,0.134,1.59,38.51,2.51,Worn
152.54,0.183,1.67,65.25,3.67,Worn
103.98,0.072,0.5,27.26,0.2,Healthy
214.54,0.352,3.23,79.65,6.67,Failed
80.0,0.05,0.61,23.6,0.2,Healthy
204.17,0.288,2.6,76.96,5.52,Failed
109.86,0.103,0.95,36.15,0.89,Healthy
80.0,0.05,0.5,32.6,0.48,Healthy
118.93,0.174,1.6,46.52,2.36,Worn
87.78,0.067,0.66,21.49,1.47,Healthy
80.0,0.088,1.19,20.0,0.92,Healthy
113.99,0.099,1.18,32.7,1.82,Healthy
159.96,0.225,1.87,74.03,3.91,Failed
117.07,0.15,1.29,42.49,3.81,Worn
116.26,0.199,1.69,46.13,2.22,Worn
135.04,0.12,1.0,37.33,2.13,Healthy
124.35,0.154,1.59,44.83,1.97,Worn
149.74,0.144,1.83,38.89,3.83,Worn
132.64,0.199,1.43,56.44,3.15,Worn
191.78,0.251,2.88,76.59,6.2,Failed
160.41,0.282,3.1,59.96,5.05,Failed
162.4,0.269,2.81,65.57,4.37,Failed
132.29,0.082,1.06,30.0,2.22,Healthy
145.49,0.212,2.13,49.54,4.59,Worn
88.57,0.05,0.5,20.0,0.2,Healthy
121.76,0.177,1.53,30.08,2.79,Healthy
231.57,0.339,3.43,88.71,6.73,Failed
134.23,0.145,1.58,44.58,2.77,Worn
113.31,0.153,1.1,60.65,1.78,Healthy
149.54,0.192,2.08,63.96,4.24,Worn
179.44,0.255,2.61,73.78,6.2,Failed
99.01,0.09,0.74,20.28,1.17,Healthy
80.0,0.112,0.51,35.73,1.47,Healthy
80.0,0.062,0.6,21.1,1.28,Healthy
134.1,0.073,0.5,29.59,1.48,Healthy
97.93,0.141,1.42,32.88,2.06,Healthy
137.22,0.152,1.39,35.59,2.63,Worn
129.63,0.101,1.82,33.44,2.52,Worn
80.0,0.052,0.74,20.0,0.2,Healthy
80.77,0.05,0.64,20.0,0.28,Healthy
103.64,0.219,1.46,43.51,2.65,Worn
190.44,0.233,2.49,67.84,4.94,Failed
93.01,0.078,0.71,36.39,0.83,Healthy
96.22,0.085,0.92,22.82,0.64,Healthy
167.28,0.22,2.27,71.8,5.25,Failed
96.95,0.078,0.77,20.0,1.77,Healthy
98.57,0.05,0.5,28.1,0.98,Healthy
110.55,0.123,1.72,32.12,1.97,Healthy
135.43,0.131,1.29,41.82,2.98,Worn
199.66,0.4,3.14,89.99,7.03,Failed
148.72,0.248,1.62,60.86,4.28,Worn
130.81,0.212,2.24,53.1,3.11,Worn
83.15,0.05,0.5,20.0,0.8,Healthy
119.51,0.126,0.6,31.22,1.11,Healthy
148.02,0.153,1.88,50.16,4.03,Worn
156.13,0.205,1.87,52.0,4.45,Worn
172.78,0.253,2.92,77.39,6.0,Failed
87.85,0.068,0.61,33.09,0.26,Healthy
172.78,0.276,2.57,79.3,6.69,Failed
228.03,0.365,3.51,82.75,6.78,Failed
128.73,0.117,2.21,39.09,2.48,Worn
228.81,0.344,3.66,94.83,6.86,Failed
80.0,0.059,0.5,30.47,0.2,Healthy
80.0,0.116,0.98,22.12,0.92,Healthy
160.93,0.24,2.86,72.68,5.07,Failed
93.29,0.101,0.76,36.36,1.71,Healthy
187.63,0.251,2.37,61.07,3.26,Failed
139.35,0.15,1.68,45.22,2.83,Worn
91.67,0.137,1.26,37.61,1.82,Healthy
132.52,0.12,2.01,44.46,3.07,Worn
112.67,0.078,0.82,20.0,0.2,Healthy
101.74,0.05,1.3,40.61,1.47,Healthy
115.86,0.134,1.08,39.5,2.83,Worn
135.2,0.145,1.05,38.75,1.86,Healthy
131.67,0.133,1.45,41.5,2.37,Healthy
224.82,0.385,3.59,96.75,7.26,Failed
100.58,0.073,0.5,25.9,1.29,Healthy
104.81,0.156,1.21,37.24,1.26,Healthy
101.03,0.164,0.93,49.42,2.52,Worn
180.19,0.299,2.73,67.2,4.65,Failed
214.89,0.351,2.87,93.59,7.29,Failed
163.1,0.234,2.23,50.58,3.5,Worn
97.97,0.08,1.33,25.94,0.2,Healthy
156.45,0.212,1.69,49.44,4.08,Worn
210.28,0.369,3.25,91.01,6.98,Failed
105.39,0.128,1.3,29.48,1.96,Healthy
140.44,0.188,1.35,52.33,3.88,Worn
124.81,0.102,1.32,39.1,2.33,Worn
147.66,0.162,1.81,43.48,2.32,Worn
87.83,0.055,0.84,20.0,0.98,Healthy
106.17,0.105,0.77,21.1,0.2,Healthy
216.5,0.385,3.26,86.32,6.88,Failed
84.34,0.093,1.07,45.13,3.02,Worn
153.85,0.237,2.34,57.68,4.94,Worn
210.65,0.347,3.25,72.72,6.16,Failed
142.9,0.128,1.69,51.63,3.52,Worn
134.35,0.179,1.3,39.26,1.91,Healthy
126.11,0.175,1.52,45.29,1.92,Worn
110.75,0.125,1.49,37.51,1.7,Healthy
210.2,0.384,3.72,80.32,6.73,Failed
136.22,0.171,1.08,48.3,2.61,Worn
221.95,0.374,3.71,92.4,6.94,Failed
162.22,0.269,2.54,69.76,4.48,Failed
89.47,0.05,0.58,22.74,1.91,Healthy
142.9,0.152,1.68,40.05,2.42,Worn
90.43,0.109,1.53,37.16,1.17,Healthy
163.77,0.21,2.76,52.12,4.13,Worn
145.3,0.151,1.18,40.04,2.56,Worn
191.67,0.218,2.99,83.06,6.32,Failed
181.95,0.247,2.26,67.39,5.02,Failed
203.2,0.335,3.24,87.96,7.75,Failed
97.51,0.05,0.68,30.89,0.2,Healthy
199.8,0.327,3.34,92.35,7.73,Failed
179.05,0.228,2.41,64.32,4.42,Worn
186.23,0.309,3.93,91.05,6.3,Failed
186.65,0.251,3.29,71.43,5.34,Failed
154.32,0.153,1.4,38.13,3.13,Worn
108.05,0.197,1.07,45.16,1.96,Healthy
132.04,0.14,1.53,40.67,1.6,Worn
166.88,0.207,2.16,71.34,4.86,Worn
101.46,0.131,1.35,29.52,1.69,Healthy
141.06,0.164,2.32,49.9,4.59,Worn
144.4,0.144,1.61,45.85,3.2,Worn
221.39,0.296,2.7,87.08,6.58,Failed
148.81,0.167,1.97,57.87,3.72,Worn
114.03,0.135,1.53,36.53,2.37,Healthy
95.12,0.152,1.0,35.48,1.11,Healthy
186.01,0.316,2.69,68.36,5.27,Failed
164.92,0.191,2.63,63.26,4.44,Worn
220.71,0.282,3.32,86.82,5.9,Failed
189.76,0.327,3.21,89.97,6.71,Failed
99.43,0.124,1.39,42.97,2.67,Healthy
88.41,0.156,0.97,34.36,1.84,Healthy
82.01,0.109,0.82,27.17,2.66,Healthy
165.93,0.227,2.59,72.99,4.17,Worn
199.8,0.338,3.09,85.03,6.77,Failed
133.79,0.204,1.67,52.48,3.26,Worn
123.39,0.125,0.93,42.61,2.01,Healthy
192.79,0.239,2.7,83.65,6.48,Failed
110.98,0.14,1.56,45.18,3.5,Worn
166.53,0.163,1.83,52.24,4.2,Worn
143.82,0.191,1.99,53.98,2.77,Worn
138.18,0.162,1.8,59.93,3.58,Worn
90.51,0.05,0.54,21.58,0.74,Healthy
164.25,0.233,2.52,80.86,4.12,Worn
213.85,0.287,2.79,78.23,5.27,Failed
153.78,0.226,2.63,57.64,4.31,Worn
102.99,0.101,0.75,36.46,1.52,Healthy
170.02,0.231,2.63,61.0,3.76,Worn
152.79,0.161,1.83,61.8,3.73,Worn
118.8,0.105,1.01,46.17,1.37,Healthy
111.87,0.066,0.98,31.23,1.51,Healthy
96.54,0.137,0.88,34.68,1.45,Healthy
168.34,0.222,2.25,73.89,4.61,Worn
224.3,0.32,3.32,85.26,5.74,Failed
170.43,0.259,1.87,58.77,4.44,Worn
96.61,0.097,1.05,24.19,2.47,Healthy
91.96,0.05,0.56,20.74,1.21,Healthy
158.73,0.208,2.34,62.27,4.48,Worn
191.81,0.333,2.82,83.51,6.44,Failed
155.51,0.182,2.19,54.84,3.95,Worn
91.84,0.055,0.73,33.91,0.21,Healthy
171.62,0.206,2.43,49.42,5.48,Worn
111.74,0.135,1.14,39.16,2.65,Healthy
131.04,0.127,2.12,39.79,3.22,Worn
104.72,0.05,0.69,29.37,1.01,Healthy
170.87,0.25,2.65,76.53,4.52,Failed
99.49,0.086,1.47,30.73,1.51,Healthy
96.28,0.114,1.15,30.7,0.73,Healthy
216.44,0.307,3.18,75.64,6.96,Failed
138.24,0.178,2.09,52.69,3.97,Worn
105.02,0.11,1.61,29.9,1.88,Healthy
104.04,0.083,0.86,39.23,0.58,Healthy
80.0,0.071,0.64,24.2,1.08,Healthy
151.78,0.25,2.15,62.55,3.8,Worn
157.0,0.266,3.0,58.64,3.83,Worn
142.74,0.188,2.19,53.55,3.25,Worn
102.39,0.051,1.01,22.22,0.59,Healthy
193.43,0.236,2.91,76.59,5.91,Failed
148.99,0.215,2.03,38.12,1.92,Worn
116.65,0.153,1.89,54.55,2.98,Worn
80.0,0.091,0.89,23.21,0.2,Healthy
83.98,0.079,1.73,20.0,0.57,Healthy
146.29,0.211,1.64,58.52,3.84,Worn
234.35,0.348,3.23,76.77,6.44,Failed
91.0,0.092,0.72,27.41,1.0,Healthy
163.1,0.235,1.55,55.69,3.19,Worn
132.91,0.197,1.85,47.72,3.42,Worn
102.69,0.06,0.5,20.73,1.08,Healthy
117.95,0.078,0.68,33.49,1.79,Healthy
110.08,0.169,1.31,36.02,1.39,Healthy
153.88,0.194,1.96,59.56,3.28,Worn
146.98,0.155,1.67,44.12,3.45,Worn
103.33,0.128,1.01,38.79,1.52,Healthy
107.09,0.137,0.5,37.26,1.86,Healthy
97.26,0.05,0.99,22.63,0.3,Healthy
149.49,0.268,2.0,61.93,4.36,Worn
183.11,0.292,2.82,67.14,4.85,Failed
83.17,0.05,0.88,30.61,1.24,Healthy
140.82,0.158,1.49,44.49,3.15,Worn
80.0,0.08,0.5,20.0,0.57,Healthy
80.0,0.06,0.74,30.84,0.34,Healthy
169.29,0.202,2.06,60.66,3.4,Worn
224.55,0.305,2.65,76.7,6.99,Failed
98.68,0.141,1.22,44.65,1.61,Healthy
111.89,0.064,0.9,21.41,0.58,Healthy
149.57,0.19,1.85,46.27,3.67,Worn
170.2,0.203,2.31,72.7,4.83,Worn
101.94,0.1,0.77,28.36,1.22,Healthy
178.79,0.286,2.31,64.11,5.33,Failed
86.95,0.05,0.91,20.0,1.62,Healthy
